No;Dependen;Dummy;Independen_1;Independen_2;Independen_3
1;3.229998426;TRUE;0.350176532;3.229998426;4.152836697
2;2.061817358;TRUE;0.057231028;2.061817358;3.854962541
3;1.611190484;TRUE;0.548725656;1.611190484;5.845151909
4;2.370165358;FALSE;0.731691671;3.02411658;2.370165358
5;5.448302337;FALSE;0.887161754;6.078815888;5.448302337
6;1.256017267;TRUE;0.014777889;1.256017267;7.380570979
7;2.141071881;TRUE;0.088080047;2.141071881;5.060206115
8;1.818070161;TRUE;0.564008777;1.818070161;7.65875402
9;1.754369703;TRUE;0.246267709;1.754369703;2.353571115
10;2.700324784;TRUE;0.233316162;2.700324784;4.296973486
11;1.480592704;FALSE;0.300945612;1.578739376;1.480592704
12;1.691973855;TRUE;0.188602597;1.691973855;2.211735548
13;2.039549549;TRUE;0.560788627;2.039549549;4.968372243
14;3.501981486;TRUE;0.491917848;3.501981486;7.249977562
15;2.700430599;TRUE;0.995360245;2.700430599;8.092826786
16;2.454220837;TRUE;0.228316242;2.454220837;8.668992991
17;2.95580536;FALSE;0.374144358;3.313713183;2.95580536
18;4.886025515;TRUE;0.882191506;4.886025515;5.138831885
19;1.453561363;TRUE;0.310120197;1.453561363;6.866919133
20;2.005309859;TRUE;0.89750424;2.005309859;4.550196459
21;2.134952805;TRUE;0.533911729;2.134952805;3.65248146
22;1.310375638;FALSE;0.622590914;1.860833379;1.310375638
23;2.965429075;TRUE;0.028965184;2.965429075;3.580257588
24;2.114578542;TRUE;0.67691668;2.114578542;7.48818207
25;1.568847859;TRUE;0.072412176;1.568847859;7.54897645
26;1.469684627;TRUE;0.14440849;1.469684627;4.948492219
27;2.524396556;TRUE;0.868986945;2.524396556;6.935369316
28;2.125659134;TRUE;0.056973023;2.125659134;3.779448924
29;6.757352604;TRUE;0.267944303;6.757352604;9.990224572
30;4.904930022;FALSE;0.921040189;5.648405494;4.904930022
31;1.511322827;TRUE;0.482930964;1.511322827;4.554695888
32;1.560157926;TRUE;0.49068911;1.560157926;2.425368654
33;1.627857701;TRUE;0.23641143;1.627857701;8.764042229
34;1.819720787;TRUE;0.530720926;1.819720787;2.604153496
35;2.91262009;TRUE;0.316575143;2.91262009;7.623072819
36;3.166405556;TRUE;0.759068131;3.166405556;9.21979531
37;1.15811606;TRUE;0.114313056;1.15811606;6.844427509
38;2.982365302;FALSE;0.832685238;3.69331325;2.982365302
39;3.248120544;TRUE;0.913621125;3.248120544;9.056831291
40;1.608598345;TRUE;0.408731977;1.608598345;6.153721153
41;2.43456364;TRUE;0.432172488;2.43456364;3.648895172
42;2.473887023;TRUE;0.300714076;2.473887023;4.530627764
43;2.04162922;TRUE;0.203567319;2.04162922;7.931700676
44;1.629027364;TRUE;0.561195748;1.629027364;7.480372523
45;1.333337698;TRUE;0.314645448;1.333337698;9.016711318
46;2.203767194;TRUE;0.463914551;2.203767194;9.370831595
47;1.132963708;FALSE;0.188102038;1.30389982;1.132963708
48;1.777567911;FALSE;0.972861331;3.241021822;1.777567911
49;2.663506868;TRUE;0.562803041;2.663506868;4.005704995
50;1.670950036;FALSE;0.866828142;1.887761085;1.670950036
51;1.710628991;FALSE;0.531988994;2.12260663;1.710628991
52;3.553244265;TRUE;0.480479165;3.553244265;5.869259487
53;2.40610478;TRUE;0.484116528;2.40610478;9.012334841
54;1.932888974;TRUE;0.921011229;1.932888974;3.715869319
55;2.049258021;TRUE;0.587281809;2.049258021;8.735236875
56;1.905155786;TRUE;0.263874056;1.905155786;9.501222273
57;1.166035477;FALSE;0.016402652;1.223578527;1.166035477
58;1.796279085;TRUE;0.023675629;1.796279085;7.209090198
59;1.257204037;TRUE;0.021560947;1.257204037;9.999852577
60;2.980899798;TRUE;0.730255935;2.980899798;9.508579771
61;3.293521002;TRUE;0.786857175;3.293521002;9.642486152
62;2.157745456;TRUE;0.363306992;2.157745456;4.363907008
63;2.299087565;TRUE;0.086031977;2.299087565;3.487037177
64;2.745226051;TRUE;0.893335029;2.745226051;9.270263053
65;1.656033538;TRUE;0.326852299;1.656033538;8.47161986
66;2.274436884;TRUE;0.837149251;2.274436884;4.697436346
67;1.951665199;TRUE;0.412610581;1.951665199;5.53009172
68;2.598157113;TRUE;0.80298951;2.598157113;2.725983773
69;2.251462486;FALSE;0.804756917;3.632226318;2.251462486
70;2.856296807;TRUE;0.065536811;2.856296807;7.815595496
71;1.830773332;TRUE;0.590242582;1.830773332;7.164872679
72;1.589570391;TRUE;0.458630872;1.589570391;6.497621213
73;3.614351087;TRUE;0.970830583;3.614351087;9.61564629
74;1.51798153;TRUE;0.289337426;1.51798153;7.795547601
75;2.670879986;TRUE;0.087091821;2.670879986;7.417807793
76;2.143458235;TRUE;0.958506652;2.143458235;7.423982588
77;3.253326133;TRUE;0.642994134;3.253326133;9.754143309
78;1.800169613;TRUE;0.358994474;1.800169613;7.911318794
79;1.954828792;TRUE;0.067570654;1.954828792;6.248496556
80;2.732562697;TRUE;0.543626665;2.732562697;7.775766681
81;3.897597065;TRUE;0.430530897;3.897597065;9.322896855
82;1.307349358;FALSE;0.593082639;1.666526392;1.307349358
83;2.920402497;TRUE;0.992280622;2.920402497;4.889265888
84;1.69249067;FALSE;0.848348969;2.023628448;1.69249067
85;2.995364177;TRUE;0.972383847;2.995364177;8.285608038
86;1.380985397;TRUE;0.100746966;1.380985397;4.018176963
87;2.249827572;TRUE;0.93550903;2.249827572;7.166564644
88;2.154423817;TRUE;0.650601209;2.154423817;6.687541057
89;2.038441695;TRUE;0.447230919;2.038441695;8.389130466
90;3.113554631;TRUE;0.709372657;3.113554631;3.243997158
91;1.892697237;TRUE;0.672637736;1.892697237;9.534628934
92;1.727572557;TRUE;0.515955183;1.727572557;6.540903257
93;1.904886199;TRUE;0.819953502;1.904886199;7.439957239
94;1.619765083;TRUE;0.106643692;1.619765083;5.399743832
95;3.457001268;TRUE;0.816604898;3.457001268;3.970546471
96;2.894407568;TRUE;0.1984206;2.894407568;6.144544675
97;1.961730957;TRUE;0.826112271;1.961730957;7.580451705
98;2.005085355;TRUE;0.72596973;2.005085355;7.030334553
99;1.856694159;TRUE;0.827793975;1.856694159;3.655893148
100;1.471643879;TRUE;0.032950358;1.471643879;5.489156374
101;1.337282572;TRUE;0.045243073;1.337282572;2.347038205
102;3.758371987;TRUE;0.53624165;3.758371987;5.535559715
103;1.775025141;FALSE;0.8134741;2.476226927;1.775025141
104;1.830742072;TRUE;0.534427479;1.830742072;8.893682604
105;3.743981647;TRUE;0.274710836;3.743981647;7.142817904
106;1.358667853;TRUE;0.209502802;1.358667853;5.098390862
107;2.051477555;TRUE;0.694219332;2.051477555;5.608640068
108;1.47340116;TRUE;0.202019192;1.47340116;9.563973818
109;3.084556639;TRUE;0.91610115;3.084556639;3.299018927
110;1.994496722;TRUE;0.444342707;1.994496722;9.545206647
111;2.248685521;TRUE;0.242752769;2.248685521;7.171164643
112;1.294579571;FALSE;0.507967449;1.606736828;1.294579571
113;2.068698321;TRUE;0.150597578;2.068698321;2.15897475
114;1.927250233;TRUE;0.897536287;1.927250233;9.058453464
115;1.882529897;TRUE;0.803740345;1.882529897;4.129078766
116;2.180018721;TRUE;0.701282876;2.180018721;7.984449815
117;1.900670326;TRUE;0.63067703;1.900670326;7.126947302
118;2.479556928;TRUE;0.783605963;2.479556928;5.471144831
119;2.434849878;TRUE;0.141644495;2.434849878;2.864685722
120;2.029156473;TRUE;0.198034711;2.029156473;6.42409468
121;1.6506647;TRUE;0.23738852;1.6506647;2.044977294
122;2.192963685;TRUE;0.82897336;2.192963685;6.389129647
123;2.468639328;TRUE;0.671666272;2.468639328;2.756935304
124;1.958192327;TRUE;0.662141689;1.958192327;7.670654706
125;1.425574223;FALSE;0.818444665;2.304557159;1.425574223
126;2.342865554;TRUE;0.74211892;2.342865554;6.453418679
127;1.476716227;FALSE;0.814968983;1.988646121;1.476716227
128;1.722077298;TRUE;0.697425908;1.722077298;9.265867367
129;1.127943015;FALSE;0.048627461;1.167855487;1.127943015
130;2.187585161;TRUE;0.468454141;2.187585161;8.324069524
131;2.170625595;TRUE;0.456113896;2.170625595;5.906815165
132;2.14014431;TRUE;0.789306487;2.14014431;5.700926167
133;1.645655326;TRUE;0.238499589;1.645655326;6.788766628
134;1.795372952;TRUE;0.766011764;1.795372952;1.8401314
135;1.332205331;TRUE;0.147434041;1.332205331;2.686673712
136;1.893630059;TRUE;0.225896304;1.893630059;9.655206476
137;3.324241931;TRUE;0.487327291;3.324241931;4.698890548
138;2.750102739;TRUE;0.689399301;2.750102739;4.779412202
139;2.413418526;TRUE;0.288722349;2.413418526;9.598626387
140;1.644581721;FALSE;0.319531761;2.446575519;1.644581721
141;2.757086353;FALSE;0.586515289;3.542544948;2.757086353
142;2.165212468;TRUE;0.701680034;2.165212468;5.242711791
143;1.352249602;FALSE;0.76663563;2.41003527;1.352249602
144;4.193091036;TRUE;0.229932787;4.193091036;9.05611964
145;2.699229268;TRUE;0.990570837;2.699229268;5.293476836
146;2.945166636;TRUE;0.729141091;2.945166636;4.668033275
147;1.933886491;TRUE;0.394033959;1.933886491;4.443116479
148;1.602326945;TRUE;0.514598346;1.602326945;4.274377593
149;2.263719167;TRUE;0.528938324;2.263719167;6.793448095
150;2.520942561;FALSE;0.158762631;2.870989315;2.520942561
151;2.092946859;TRUE;0.709176224;2.092946859;3.093194849
152;2.17336614;TRUE;0.962031936;2.17336614;3.245642519
153;2.572141326;TRUE;0.329348678;2.572141326;8.823236285
154;1.779859555;TRUE;0.053037688;1.779859555;7.213520847
155;2.67905745;TRUE;0.613526613;2.67905745;8.663980389
156;1.149858326;FALSE;0.345027526;2.210530731;1.149858326
157;1.894145733;TRUE;0.810437038;1.894145733;7.499863759
158;3.185466139;TRUE;0.768682441;3.185466139;5.330482615
159;2.085828936;TRUE;0.708578235;2.085828936;2.294104865
160;1.28694964;TRUE;0.00740119;1.28694964;9.465338679
161;1.822487269;TRUE;0.776585405;1.822487269;7.712264915
162;2.984318436;FALSE;0.582748681;5.803278392;2.984318436
163;2.047695712;TRUE;0.303264467;2.047695712;6.194673523
164;2.636895615;TRUE;0.789093149;2.636895615;7.698973802
165;1.869331784;FALSE;0.894206017;2.062922853;1.869331784
166;2.158333358;TRUE;0.990657996;2.158333358;6.353382125
167;2.086881282;TRUE;0.340563644;2.086881282;5.421887483
168;2.495082898;TRUE;0.397050399;2.495082898;2.639486313
169;3.111493288;TRUE;0.548499344;3.111493288;3.37933554
170;1.633958153;TRUE;0.624211455;1.633958153;7.755743408
171;1.154967047;TRUE;0.126250762;1.154967047;4.855267484
172;1.289929786;TRUE;0.157021033;1.289929786;3.454561061
173;2.588281512;TRUE;0.741262086;2.588281512;2.773810938
174;3.513166725;TRUE;0.193434266;3.513166725;7.330147136
175;1.792099281;FALSE;0.805088188;3.176422979;1.792099281
176;1.423092673;TRUE;0.00461303;1.423092673;6.03830347
177;1.280907677;TRUE;0.152303089;1.280907677;4.978907515
178;2.148875046;TRUE;0.06729693;2.148875046;4.089651314
179;2.194995299;TRUE;0.527948132;2.194995299;7.563183172
180;1.890019375;TRUE;0.100186161;1.890019375;2.449834618
181;3.187246467;TRUE;0.834963237;3.187246467;4.920840938
182;2.898089414;FALSE;0.873979726;4.991398511;2.898089414
183;3.059797812;TRUE;0.929390709;3.059797812;7.016536477
184;2.406006536;TRUE;0.842509883;2.406006536;3.987775274
185;1.780962755;TRUE;0.656484213;1.780962755;4.687135587
186;1.602813601;TRUE;0.320580596;1.602813601;4.6111086
187;2.065167635;TRUE;0.9685607;2.065167635;3.490525333
188;1.827633308;TRUE;0.604009702;1.827633308;5.841350637
189;2.103605498;TRUE;0.340549928;2.103605498;6.277243041
190;1.930397157;TRUE;0.741075112;1.930397157;2.869288767
191;1.568065253;FALSE;0.300110319;2.028917553;1.568065253
192;1.395577832;TRUE;0.178364062;1.395577832;4.048656847
193;1.194964385;TRUE;0.073558457;1.194964385;5.99711385
194;2.079370608;TRUE;0.863082632;2.079370608;9.392074018
195;1.571970137;TRUE;0.331385062;1.571970137;7.986555848
196;1.939033694;FALSE;0.887368891;2.5932166;1.939033694
197;3.494380916;TRUE;0.883776645;3.494380916;5.966852701
198;3.485143921;TRUE;0.787667348;3.485143921;6.325407548
199;2.525953957;TRUE;0.711418567;2.525953957;7.17477081
200;1.689791794;TRUE;0.427669186;1.689791794;2.460151775
201;2.031944593;TRUE;0.745137437;2.031944593;7.970643746
202;2.546018122;TRUE;0.364957423;2.546018122;7.195841546
203;1.84444766;TRUE;0.426386076;1.84444766;2.303013891
204;3.751427355;TRUE;0.632208614;3.751427355;4.60662911
205;3.034263641;TRUE;0.342813572;3.034263641;5.593885808
206;1.936951071;TRUE;0.75017953;1.936951071;8.566421134
207;4.349984633;FALSE;0.879395999;5.113652214;4.349984633
208;2.225980579;TRUE;0.550826298;2.225980579;5.571363886
209;2.202990253;TRUE;0.907862632;2.202990253;3.867823417
210;2.026181214;TRUE;0.696391895;2.026181214;2.895191201
211;1.175805702;TRUE;0.124976495;1.175805702;9.680330683
212;2.892957157;TRUE;0.29453524;2.892957157;6.47544957
213;2.294481262;TRUE;0.544829397;2.294481262;5.570322489
214;1.852381524;TRUE;0.321802382;1.852381524;8.431954381
215;1.869380583;TRUE;0.417815567;1.869380583;6.182742948
216;1.93835661;TRUE;0.875209464;1.93835661;8.705281728
217;1.087448696;TRUE;0.08588131;1.087448696;1.331035655
218;2.004492426;TRUE;0.74023951;2.004492426;9.015561235
219;1.800220098;TRUE;0.13881709;1.800220098;7.817391281
220;1.762751007;TRUE;0.472719521;1.762751007;4.438946166
221;2.733745886;TRUE;0.879048948;2.733745886;5.227829642
222;2.786811378;TRUE;0.359415192;2.786811378;7.576919609
223;2.393928433;TRUE;0.695688568;2.393928433;5.664649513
224;2.349959306;TRUE;0.133084629;2.349959306;2.53773523
225;1.895040741;TRUE;0.562748333;1.895040741;3.564495231
226;1.707847348;TRUE;0.184187073;1.707847348;5.658521346
227;1.890098057;TRUE;0.681408259;1.890098057;8.792219918
228;2.843509465;TRUE;0.737572911;2.843509465;6.744450358
229;1.745538675;TRUE;0.355393584;1.745538675;7.346713073
230;1.222400974;FALSE;0.171153125;2.118230753;1.222400974
231;4.506695666;TRUE;0.914186033;4.506695666;4.850952122
232;2.373894131;TRUE;0.243436719;2.373894131;3.61273324
233;2.447354058;TRUE;0.166523538;2.447354058;9.135396646
234;2.036938966;TRUE;0.96605595;2.036938966;7.372279087
235;2.596412401;TRUE;0.836934802;2.596412401;8.381589511
236;1.006042843;FALSE;0.424395603;1.889130775;1.006042843
237;2.167371244;TRUE;0.360630964;2.167371244;5.4156989
238;3.573593831;TRUE;0.74449434;3.573593831;5.799742272
239;4.118536287;FALSE;0.755172089;4.465719977;4.118536287
240;1.980733068;TRUE;0.736989946;1.980733068;9.668315238
241;3.599985535;TRUE;0.520074453;3.599985535;8.57563278
242;1.726497892;TRUE;0.691380766;1.726497892;2.162692253
243;2.167881003;TRUE;0.694738714;2.167881003;9.566227551
244;2.826892889;TRUE;0.801594696;2.826892889;6.252075306
245;1.017694405;FALSE;0.082170963;1.324555929;1.017694405
246;6.052137656;TRUE;0.624751914;6.052137656;8.89461582
247;2.712425737;TRUE;0.767970591;2.712425737;4.306127936
248;1.121402991;TRUE;0.014647153;1.121402991;1.123255333
249;1.724757613;TRUE;0.068357376;1.724757613;8.354254903
250;1.988613925;TRUE;0.60049925;1.988613925;5.084438417
251;2.761303225;TRUE;0.344617063;2.761303225;9.530246649
252;1.551782155;FALSE;0.078622942;1.731366186;1.551782155
253;1.750489984;TRUE;0.587816544;1.750489984;2.949315596
254;1.684457026;TRUE;0.465225698;1.684457026;5.670874964
255;1.788486495;TRUE;0.604046953;1.788486495;6.811497251
256;2.804640726;TRUE;0.989078916;2.804640726;6.081464504
257;2.002161057;TRUE;0.436010161;2.002161057;8.161048576
258;1.934287259;TRUE;0.292172539;1.934287259;8.187833008
259;1.94908507;TRUE;0.532468504;1.94908507;4.733889226
260;2.071887965;TRUE;0.624709865;2.071887965;3.693214659
261;2.588978415;TRUE;0.579421646;2.588978415;7.716120993
262;3.038703421;TRUE;0.047951841;3.038703421;5.617723748
263;1.488789952;FALSE;0.583404706;1.607384863;1.488789952
264;2.7724441;TRUE;0.994250147;2.7724441;4.933616861
265;2.571792162;TRUE;0.920140157;2.571792162;7.627709994
266;2.168456573;TRUE;0.951761297;2.168456573;6.18901548
267;1.823722461;TRUE;0.655527262;1.823722461;5.908528248
268;1.425160589;TRUE;0.414105187;1.425160589;5.389763915
269;1.438678494;TRUE;0.10773333;1.438678494;7.630161334
270;2.118684246;TRUE;0.960214291;2.118684246;8.181080021
271;1.824266494;TRUE;0.763167644;1.824266494;3.353205148
272;1.537914526;TRUE;0.238119214;1.537914526;2.265959926
273;2.055126609;FALSE;0.58863303;4.120857423;2.055126609
274;2.17223011;TRUE;0.670690348;2.17223011;5.980715539
275;2.528629814;FALSE;0.80975744;4.171639454;2.528629814
276;1.426190753;TRUE;0.237555047;1.426190753;6.065505222
277;4.333033913;TRUE;0.128436857;4.333033913;4.530992524
278;2.002722158;TRUE;0.704515948;2.002722158;5.80051966
279;5.255534462;FALSE;0.414533401;5.937236804;5.255534462
280;2.126909331;TRUE;0.21784068;2.126909331;9.648077013
281;1.716312888;TRUE;0.392273086;1.716312888;9.149543046
282;1.86549828;TRUE;0.828368826;1.86549828;5.123955637
283;1.221948068;TRUE;0.072484652;1.221948068;3.183233215
284;3.839355478;TRUE;0.525775522;3.839355478;5.949396476
285;2.255422952;TRUE;0.565591299;2.255422952;6.683753489
286;2.188330783;TRUE;0.738946436;2.188330783;5.324847923
287;2.650137404;TRUE;0.145030854;2.650137404;7.218425386
288;2.03451703;TRUE;0.085733636;2.03451703;7.800752939
289;1.491792953;TRUE;0.266142714;1.491792953;5.959872478
290;2.39725368;TRUE;0.660594482;2.39725368;5.635578434
291;1.420529508;FALSE;0.851485194;1.946429731;1.420529508
292;2.12523464;TRUE;0.16016421;2.12523464;5.865947552
293;1.975778177;TRUE;0.84352378;1.975778177;7.406404055
294;1.983132191;TRUE;0.605568802;1.983132191;5.654228284
295;1.628799737;TRUE;0.535793118;1.628799737;8.607736262
296;2.199724948;TRUE;0.923399047;2.199724948;5.14880074
297;2.601439375;TRUE;0.776597955;2.601439375;5.143165354
298;2.947643233;TRUE;0.813629947;2.947643233;6.674125765
299;3.054669249;TRUE;0.196528029;3.054669249;9.084859749
300;2.999167375;TRUE;0.745419913;2.999167375;6.933891275
301;1.631416557;TRUE;0.610130718;1.631416557;5.220967615
302;4.282357475;FALSE;0.332375278;5.824793109;4.282357475
303;2.340393463;TRUE;0.594649894;2.340393463;4.411352478
304;1.44704938;TRUE;0.322465515;1.44704938;3.652625171
305;1.572894177;TRUE;0.450915111;1.572894177;2.529987227
306;2.382453421;TRUE;0.515890918;2.382453421;7.531062038
307;1.515787325;FALSE;0.516562527;2.378337717;1.515787325
308;1.72947726;TRUE;0.264919461;1.72947726;7.782629984
309;2.008802736;TRUE;0.778611201;2.008802736;3.527342644
310;2.204070408;TRUE;0.675327337;2.204070408;6.251677243
311;1.937923204;TRUE;0.455178463;1.937923204;6.883789454
312;1.62619444;TRUE;0.314463763;1.62619444;3.276274767
313;2.27393624;TRUE;0.257024139;2.27393624;2.529345448
314;2.304569231;TRUE;0.02916921;2.304569231;3.805627261
315;1.808489815;TRUE;0.540874247;1.808489815;5.217313767
316;2.082878402;TRUE;0.359603089;2.082878402;3.171282327
317;3.117321495;TRUE;0.636487072;3.117321495;5.882128983
318;2.298762393;FALSE;0.984117196;3.297600754;2.298762393
319;1.631250685;TRUE;0.115134452;1.631250685;8.946836705
320;2.734662305;TRUE;0.666141006;2.734662305;8.68953015
321;1.890596582;TRUE;0.387481094;1.890596582;9.826756906
322;2.003696311;TRUE;0.21336907;2.003696311;3.272037999
323;4.108327251;FALSE;0.596855343;5.31103342;4.108327251
324;2.297395356;TRUE;0.234934585;2.297395356;3.254403447
325;3.553355766;TRUE;0.204221948;3.553355766;7.42773985
326;2.359569119;TRUE;0.606712346;2.359569119;6.142431679
327;3.135088938;TRUE;0.981488799;3.135088938;6.368203876
328;2.63533964;TRUE;0.500199476;2.63533964;7.911538703
329;2.019635728;TRUE;0.47627506;2.019635728;7.491690334
330;1.776965854;TRUE;0.536929965;1.776965854;4.576286449
331;2.799230855;TRUE;0.112517951;2.799230855;9.054043881
332;1.624834595;TRUE;0.323649925;1.624834595;7.976132174
333;2.797135022;TRUE;0.862341586;2.797135022;6.53685217
334;4.575714772;FALSE;0.327444058;4.628660675;4.575714772
335;2.640002482;TRUE;0.239114487;2.640002482;3.397620388
336;1.90748828;TRUE;0.527663462;1.90748828;5.757259947
337;3.051028815;TRUE;0.653759888;3.051028815;4.873775917
338;1.458891136;FALSE;0.587082928;2.933133561;1.458891136
339;1.154737579;FALSE;0.883451344;2.375783239;1.154737579
340;2.254984976;TRUE;0.193837728;2.254984976;5.162505129
341;2.666027923;TRUE;0.438885793;2.666027923;3.762274656
342;3.335685727;TRUE;0.681372524;3.335685727;7.820473074
343;2.38835561;TRUE;0.635514203;2.38835561;9.399229389
344;3.697914107;TRUE;0.967601514;3.697914107;6.186779254
345;1.804467043;TRUE;0.165252661;1.804467043;6.03200162
346;2.562953134;TRUE;0.659666126;2.562953134;4.663516375
347;1.896113565;TRUE;0.504733426;1.896113565;3.942664343
348;4.591057899;TRUE;0.692629936;4.591057899;9.040232769
349;2.526466833;TRUE;0.470775694;2.526466833;3.440963374
350;2.481152992;TRUE;0.60763454;2.481152992;6.137324627
351;2.119610127;TRUE;0.511018597;2.119610127;3.012905028
352;1.43190004;TRUE;0.346906523;1.43190004;9.627463619
353;1.765066989;TRUE;0.52885925;1.765066989;2.516211873
354;3.380883119;TRUE;0.046886307;3.380883119;8.52986172
355;2.042743101;TRUE;0.203640801;2.042743101;6.162618166
356;1.975316524;FALSE;0.123625194;2.123921317;1.975316524
357;3.982736666;TRUE;0.865816197;3.982736666;4.0038784
358;1.908541286;TRUE;0.14256678;1.908541286;7.600899203
359;1.817226676;TRUE;0.773909734;1.817226676;2.216065145
360;2.702038647;TRUE;0.331142347;2.702038647;6.584120304
361;3.026655766;TRUE;0.947190172;3.026655766;4.68843844
362;2.928016746;TRUE;0.424609583;2.928016746;7.022463587
363;2.503416638;TRUE;0.883927021;2.503416638;4.470610215
364;1.673697588;TRUE;0.601933999;1.673697588;9.486482268
365;1.50756454;TRUE;0.413460686;1.50756454;5.963848876
366;2.125089701;TRUE;0.303573681;2.125089701;3.587057166
367;2.787165566;TRUE;0.966492715;2.787165566;9.023696098
368;1.04238099;FALSE;0.249392255;1.711678312;1.04238099
369;1.757332238;TRUE;0.244769716;1.757332238;9.618109828
370;1.37021371;TRUE;0.191511621;1.37021371;5.26877438
371;1.730550651;TRUE;0.635724176;1.730550651;3.906058279
372;3.20614867;TRUE;0.929794707;3.20614867;9.85729189
373;2.757856581;TRUE;0.28219505;2.757856581;8.889559119
374;2.889940641;TRUE;0.720639514;2.889940641;4.563552134
375;1.461632056;TRUE;0.173337475;1.461632056;9.338350501
376;2.088372153;TRUE;0.935697648;2.088372153;3.213448821
377;2.217664467;FALSE;0.824855984;3.887030442;2.217664467
378;1.825328063;TRUE;0.491716529;1.825328063;5.420027805
379;2.834923542;TRUE;0.947470429;2.834923542;8.56972501
380;4.576149505;TRUE;0.821833259;4.576149505;8.339081907
381;2.916431725;TRUE;0.56684428;2.916431725;9.201229428
382;1.402978701;TRUE;0.246708038;1.402978701;2.545326869
383;1.641685661;TRUE;0.444874568;1.641685661;1.704596493
384;1.720082516;TRUE;0.685030116;1.720082516;2.988137839
385;4.089206655;TRUE;0.586412492;4.089206655;5.361422131
386;1.587281499;FALSE;0.812612901;3.294635112;1.587281499
387;1.618391425;FALSE;0.169875537;3.539183392;1.618391425
388;2.100550487;TRUE;0.786904145;2.100550487;6.20761497
389;1.684842503;TRUE;0.14574122;1.684842503;2.945419354
390;2.810287408;TRUE;0.104476236;2.810287408;3.853913795
391;2.715762254;TRUE;0.45835779;2.715762254;5.338858846
392;2.581282229;TRUE;0.836476898;2.581282229;4.769827313
393;1.079208435;TRUE;0.058251951;1.079208435;4.690483926
394;2.661742567;FALSE;0.393449165;2.943440815;2.661742567
395;3.115454004;TRUE;0.910603694;3.115454004;5.064250654
396;3.614417032;TRUE;0.309717885;3.614417032;7.047580612
397;1.463026175;TRUE;0.417883982;1.463026175;7.027935633
398;2.233785459;TRUE;0.993319727;2.233785459;4.054403425
399;1.786164951;FALSE;0.076767995;2.907630739;1.786164951
400;1.589896679;TRUE;0.42725016;1.589896679;2.761876154
401;1.273405219;TRUE;0.035580918;1.273405219;6.495984198
402;2.282938868;TRUE;0.416822928;2.282938868;4.538047127
403;2.144428722;TRUE;0.640768355;2.144428722;6.539674543
404;5.316763175;FALSE;0.630281781;5.382291536;5.316763175
405;3.100695331;TRUE;0.862570797;3.100695331;8.808510897
406;3.519763712;TRUE;0.944676163;3.519763712;8.456297496
407;2.037350422;TRUE;0.495599343;2.037350422;7.94670674
408;1.845161927;FALSE;0.972516679;4.294422636;1.845161927
409;1.958978024;TRUE;0.255951582;1.958978024;6.218644632
410;1.726624645;TRUE;0.062603227;1.726624645;5.39614677
411;2.598540799;TRUE;0.498208889;2.598540799;8.287152511
412;5.306083513;TRUE;0.987377431;5.306083513;7.512871714
413;1.138584032;TRUE;0.096832035;1.138584032;2.008953982
414;4.093523817;TRUE;0.279896716;4.093523817;5.281750916
415;1.867590591;FALSE;0.130501201;2.480854211;1.867590591
416;2.026818439;TRUE;0.82334369;2.026818439;7.477512896
417;2.680255243;TRUE;0.877371615;2.680255243;7.061824378
418;3.692189761;TRUE;0.029364145;3.692189761;5.224862128
419;3.229225253;TRUE;0.674568664;3.229225253;3.493722501
420;2.113087118;TRUE;0.706279214;2.113087118;6.000612555
421;6.118372719;TRUE;0.821610085;6.118372719;8.798987607
422;2.936483273;TRUE;0.658475122;2.936483273;8.42600842
423;6.085618694;TRUE;0.845598458;6.085618694;8.798008865
424;1.225916203;TRUE;0.059358022;1.225916203;8.194115293
425;1.99604907;TRUE;0.621682401;1.99604907;5.989754016
426;1.119274816;TRUE;0.0062731;1.119274816;2.289251678
427;2.121349711;TRUE;0.822111913;2.121349711;7.633374813
428;2.555104781;TRUE;0.338379402;2.555104781;7.050580164
429;2.676679326;TRUE;0.74306066;2.676679326;7.430788337
430;4.235298272;TRUE;0.443013441;4.235298272;6.888713344
431;1.97290609;TRUE;0.456330687;1.97290609;3.159846412
432;2.211232743;TRUE;0.209792865;2.211232743;4.916834608
433;1.993137588;TRUE;0.718104851;1.993137588;9.060259307
434;1.586385888;TRUE;0.048453951;1.586385888;5.914327876
435;1.903844511;TRUE;0.444476716;1.903844511;2.107707369
436;3.049005436;TRUE;0.944063457;3.049005436;9.203306658
437;4.048734937;TRUE;0.509383781;4.048734937;7.338282228
438;1.621509863;TRUE;0.04320095;1.621509863;3.955242336
439;1.721182544;TRUE;0.371183558;1.721182544;9.473972452
440;1.833014733;FALSE;0.050662786;4.425632336;1.833014733
441;1.173101382;FALSE;0.717728345;2.0928982;1.173101382
442;1.83839492;TRUE;0.557440901;1.83839492;8.038408305
443;2.028891147;TRUE;0.993597406;2.028891147;8.194131304
444;1.962929021;TRUE;0.269935278;1.962929021;3.000158349
445;3.384320781;TRUE;0.879122865;3.384320781;5.139936609
446;2.415791599;TRUE;0.962226756;2.415791599;5.98800628
447;2.601896774;TRUE;0.276439935;2.601896774;7.584543331
448;1.22325638;TRUE;0.028310954;1.22325638;9.237542764
449;1.862653602;TRUE;0.49934372;1.862653602;7.504158899
450;2.500162877;TRUE;0.697786796;2.500162877;3.316137352
451;1.291720665;FALSE;0.732508228;3.061813454;1.291720665
452;1.932809963;TRUE;0.114825138;1.932809963;8.920592855
453;2.615757869;TRUE;0.145235779;2.615757869;6.899154727
454;1.311485934;TRUE;0.239546897;1.311485934;6.164097742
455;3.109848399;TRUE;0.057587007;3.109848399;5.137710053
456;1.493827126;TRUE;0.102076987;1.493827126;2.31165578
457;1.690006105;TRUE;0.617356158;1.690006105;8.016882676
458;2.320427465;TRUE;0.97361567;2.320427465;9.088286294
459;3.641197565;TRUE;0.405653407;3.641197565;3.946301182
460;2.001884524;TRUE;0.058360595;2.001884524;2.756889837
461;1.632177376;FALSE;0.984696297;4.767879772;1.632177376
462;2.449190666;TRUE;0.05221981;2.449190666;3.174723289
463;2.775073484;TRUE;0.165577301;2.775073484;4.412405454
464;2.82907571;TRUE;0.16199872;2.82907571;7.45855476
465;2.497262361;TRUE;0.851177112;2.497262361;4.258086924
466;1.838258187;TRUE;0.407827825;1.838258187;4.181680722
467;2.559959715;FALSE;0.747182687;2.889581413;2.559959715
468;3.025591062;TRUE;0.316487825;3.025591062;6.783243222
469;2.485356413;TRUE;0.277365285;2.485356413;4.462565994
470;1.478236794;TRUE;0.003725125;1.478236794;7.292981987
471;1.915451371;TRUE;0.681602236;1.915451371;3.321227932
472;3.805801907;TRUE;0.709850698;3.805801907;8.331554321
473;1.411382732;TRUE;0.306397284;1.411382732;6.237678604
474;2.265779629;TRUE;0.113756375;2.265779629;7.569439079
475;1.565125105;TRUE;0.263273712;1.565125105;6.669110631
476;2.132078331;TRUE;0.567691057;2.132078331;6.519547385
477;2.010865324;TRUE;0.237851576;2.010865324;8.560858758
478;1.99605693;TRUE;0.94304818;1.99605693;6.526559805
479;5.159396428;FALSE;0.432216973;5.311844698;5.159396428
480;1.868647585;TRUE;0.806481706;1.868647585;7.574987291
481;1.391162351;TRUE;0.095958014;1.391162351;5.85417586
482;2.056027729;TRUE;0.173398808;2.056027729;4.986066205
483;2.136110272;TRUE;0.168888382;2.136110272;8.133844436
484;2.237154153;TRUE;0.946402866;2.237154153;4.254667803
485;2.122514371;TRUE;0.444389083;2.122514371;5.011227304
486;1.468327971;TRUE;0.171730386;1.468327971;4.269860156
487;2.790351254;TRUE;0.636516612;2.790351254;7.780001918
488;4.477466001;TRUE;0.833772798;4.477466001;5.852530637
489;1.745742749;FALSE;0.785633716;5.005558628;1.745742749
490;3.422650373;TRUE;0.390621573;3.422650373;7.472861638
491;2.881000784;TRUE;0.902561138;2.881000784;3.455391369
492;4.624799967;TRUE;0.444727938;4.624799967;8.936413243
493;2.616817065;TRUE;0.229666756;2.616817065;6.849203913
494;3.231499757;TRUE;0.725042379;3.231499757;5.858877613
495;1.271458516;FALSE;0.310862402;1.63728287;1.271458516
496;1.784608117;FALSE;0.084454817;2.291661447;1.784608117
497;2.391983485;FALSE;0.902628452;6.149653692;2.391983485
498;4.152433562;TRUE;0.341935139;4.152433562;4.790616484
499;2.409360081;TRUE;0.871144796;2.409360081;8.304055059
500;1.342493091;TRUE;0.114897313;1.342493091;1.820371852
501;2.739662286;TRUE;0.765304792;2.739662286;8.05256264
502;2.989999712;TRUE;0.887991074;2.989999712;6.156332393
503;2.126896743;TRUE;0.989669017;2.126896743;7.236762639
504;3.387572652;FALSE;0.010364259;3.487662733;3.387572652
505;1.528578044;FALSE;0.158963484;2.643194214;1.528578044
506;1.078467615;TRUE;0.041686097;1.078467615;6.014229686
507;1.835557954;TRUE;0.399164876;1.835557954;4.729174661
508;1.754620431;FALSE;0.9904539;2.101313967;1.754620431
509;1.64523767;FALSE;0.351598483;4.034037648;1.64523767
510;4.073556479;TRUE;0.954964822;4.073556479;5.399839788
511;1.625196688;TRUE;0.500079837;1.625196688;4.664897073
512;3.069816364;TRUE;0.975983633;3.069816364;9.720387017
513;1.463764209;TRUE;0.202949668;1.463764209;8.576656311
514;2.52148456;TRUE;0.280059125;2.52148456;4.864222802
515;4.843184309;TRUE;0.966853248;4.843184309;5.912078414
516;1.260595718;TRUE;0.235697101;1.260595718;1.532825976
517;4.355163908;TRUE;0.483194454;4.355163908;5.274104767
518;2.085482373;TRUE;0.317186075;2.085482373;3.653431969
519;2.991528216;TRUE;0.249860016;2.991528216;8.173238585
520;2.447162717;TRUE;0.533283458;2.447162717;5.979059267
521;2.854430882;TRUE;0.94249699;2.854430882;5.856629872
522;1.90181329;TRUE;0.718726553;1.90181329;2.367219188
523;2.814826448;TRUE;0.146246412;2.814826448;9.589609261
524;1.66368554;TRUE;0.349817509;1.66368554;3.741089443
525;4.203710615;TRUE;0.964383648;4.203710615;5.074948533
526;1.201944533;TRUE;0.030315406;1.201944533;4.391001841
527;2.826083675;TRUE;0.849866656;2.826083675;9.027132649
528;1.225910704;TRUE;0.083628045;1.225910704;2.505647733
529;1.873709456;TRUE;0.787164471;1.873709456;5.550641257
530;2.019559971;FALSE;0.204239724;6.094780128;2.019559971
531;2.320391668;TRUE;0.767098167;2.320391668;2.482079318
532;2.857580415;TRUE;0.826360814;2.857580415;6.254746535
533;3.069798773;TRUE;0.539823141;3.069798773;9.50429634
534;2.180194861;TRUE;0.393008819;2.180194861;8.586022717
535;2.460005111;TRUE;0.540863965;2.460005111;5.299718979
536;2.312768451;TRUE;0.247082196;2.312768451;5.766527665
537;2.294956604;TRUE;0.74992977;2.294956604;9.509672509
538;3.466664099;TRUE;0.132876956;3.466664099;6.416667151
539;2.471160211;TRUE;0.561991752;2.471160211;7.023798087
540;2.162893892;TRUE;0.726997929;2.162893892;4.566298864
541;1.781968328;TRUE;0.159315958;1.781968328;5.542986729
542;2.34786573;TRUE;0.734995779;2.34786573;8.542141849
543;1.685619569;TRUE;0.127626497;1.685619569;5.674069091
544;2.843813561;TRUE;0.97798456;2.843813561;5.134547532
545;2.797622459;TRUE;0.916430963;2.797622459;5.335921997
546;1.948825861;TRUE;0.30715199;1.948825861;6.340598302
547;2.249922862;FALSE;0.72710966;2.533852652;2.249922862
548;1.529985289;TRUE;0.341801656;1.529985289;2.135076594
549;2.099439625;TRUE;0.697887877;2.099439625;7.357032694
550;2.6502336;TRUE;0.045919744;2.6502336;4.855826679
551;1.6420718;FALSE;0.619971591;2.259542273;1.6420718
552;1.614739267;TRUE;0.07049746;1.614739267;3.109765685
553;2.369581545;TRUE;0.447177897;2.369581545;3.134751126
554;3.36866939;TRUE;0.86526598;3.36866939;7.849233435
555;2.488406724;FALSE;0.463584471;4.209347037;2.488406724
556;1.417875698;TRUE;0.274834545;1.417875698;3.616520174
557;1.70479695;TRUE;0.428347371;1.70479695;1.712592571
558;3.010868128;TRUE;0.882668179;3.010868128;3.186810003
559;1.406328461;TRUE;0.103613011;1.406328461;6.750434179
560;1.318446688;TRUE;0.048852635;1.318446688;6.330834386
561;2.458994431;TRUE;0.649392455;2.458994431;2.468588724
562;1.453558547;TRUE;0.017576749;1.453558547;6.780384691
563;1.30941808;TRUE;0.253930522;1.30941808;4.806031561
564;3.395927781;TRUE;0.986168324;3.395927781;6.839808208
565;2.380177291;TRUE;0.756954383;2.380177291;9.780971981
566;1.996120201;TRUE;0.765313454;1.996120201;2.536459417
567;2.18698276;TRUE;0.762791372;2.18698276;6.304313405
568;2.268774733;TRUE;0.852463554;2.268774733;5.80321834
569;1.925796308;TRUE;0.340687248;1.925796308;3.056738725
570;1.264347347;FALSE;0.442720927;1.631508349;1.264347347
571;4.870372419;TRUE;0.443548915;4.870372419;7.204299448
572;2.173220381;TRUE;0.865439916;2.173220381;9.462456524
573;1.379837478;FALSE;0.405390828;2.579048132;1.379837478
574;2.048704819;TRUE;0.667497402;2.048704819;2.321220709
575;1.993171733;TRUE;0.768272118;1.993171733;4.008611386
576;1.884807737;TRUE;0.429633074;1.884807737;2.540205316
577;1.693463834;TRUE;0.018759713;1.693463834;2.175601329
578;1.788418599;FALSE;0.494947447;2.646021833;1.788418599
579;4.252513686;TRUE;0.56358724;4.252513686;6.436451582
580;2.904762317;TRUE;0.161473601;2.904762317;5.849564778
581;3.699275713;TRUE;0.572671247;3.699275713;7.149189954
582;2.557214215;TRUE;0.795474024;2.557214215;8.697250042
583;1.909128868;TRUE;0.772436083;1.909128868;2.969088268
584;2.083788702;TRUE;0.541279271;2.083788702;5.006489681
585;2.17963023;TRUE;0.302604929;2.17963023;6.235288579
586;2.554904979;TRUE;0.753795904;2.554904979;7.336791657
587;3.928928818;FALSE;0.853627465;5.231897517;3.928928818
588;4.430425612;TRUE;0.345418399;4.430425612;9.220274562
589;1.457149351;FALSE;0.554740399;3.220939396;1.457149351
590;2.533079073;FALSE;0.818357791;3.073250097;2.533079073
591;2.497049732;TRUE;0.845007114;2.497049732;4.992721325
592;1.097680592;TRUE;0.076603382;1.097680592;2.783610862
593;1.53507205;TRUE;0.212154575;1.53507205;5.086401901
594;2.353071011;TRUE;0.727905362;2.353071011;9.020932867
595;2.213604815;TRUE;0.393848021;2.213604815;9.710841021
596;1.785946909;TRUE;0.572139947;1.785946909;4.057277443
597;3.197576161;TRUE;0.772321212;3.197576161;8.636643757
598;2.755539876;TRUE;0.98772635;2.755539876;7.568472863
599;4.595771574;TRUE;0.943892586;4.595771574;8.905942946
600;3.576330254;FALSE;0.243298163;6.073193499;3.576330254
601;1.83612094;TRUE;0.22969944;1.83612094;2.955023594
602;4.905254225;TRUE;0.642023141;4.905254225;6.866038804
603;1.6650436;FALSE;0.166970649;1.82465089;1.6650436
604;1.849531239;TRUE;0.019455872;1.849531239;4.817774886
605;1.91540566;FALSE;0.30810322;2.376886659;1.91540566
606;1.564762578;TRUE;0.491553373;1.564762578;1.927475356
607;1.652065716;TRUE;0.495527554;1.652065716;2.609793624
608;2.916625859;TRUE;0.489819845;2.916625859;3.16258693
609;1.99923209;TRUE;0.819321277;1.99923209;2.353821261
610;1.838552653;TRUE;0.296856567;1.838552653;3.656889842
611;2.047640779;TRUE;0.838069145;2.047640779;3.463617494
612;1.690515773;TRUE;0.65219659;1.690515773;6.973921807
613;2.104867847;TRUE;0.87258085;2.104867847;9.64579741
614;1.460530748;TRUE;0.170128064;1.460530748;1.560825059
615;2.547524644;FALSE;0.905652114;4.167530387;2.547524644
616;1.693259672;FALSE;0.93275546;1.981225453;1.693259672
617;2.621924339;TRUE;0.91327905;2.621924339;4.298353937
618;1.665269858;TRUE;0.349658231;1.665269858;5.437999871
619;3.265469529;TRUE;0.532743762;3.265469529;6.719707612
620;2.86026005;TRUE;0.902044344;2.86026005;8.270196501
621;2.728009296;FALSE;0.778485318;3.55146503;2.728009296
622;1.730469416;TRUE;0.313585238;1.730469416;8.630814462
623;2.17250169;TRUE;0.855395942;2.17250169;4.647046346
624;4.906232857;FALSE;0.660990952;5.601636697;4.906232857
625;1.037724339;FALSE;0.935874159;2.385504966;1.037724339
626;1.820479498;FALSE;0.611055547;3.232483347;1.820479498
627;2.603829301;TRUE;0.379607145;2.603829301;6.741463699
628;3.196828708;FALSE;0.635641238;4.966414026;3.196828708
629;1.372793868;TRUE;0.016777479;1.372793868;6.76180132
630;2.037097828;TRUE;0.018779415;2.037097828;5.185018254
631;2.389826331;TRUE;0.461134377;2.389826331;8.035052184
632;2.067329606;TRUE;0.1938409;2.067329606;4.970739307
633;1.770520679;TRUE;0.272147876;1.770520679;7.077559037
634;3.345625686;TRUE;0.668047123;3.345625686;4.481481527
635;2.586307154;TRUE;0.809127873;2.586307154;9.265201265
636;1.800669625;TRUE;0.370009821;1.800669625;3.83591667
637;3.76498747;TRUE;0.984418831;3.76498747;7.476923477
638;4.518773864;TRUE;0.709999609;4.518773864;5.989880901
639;1.493730315;FALSE;0.607778864;1.734473799;1.493730315
640;1.955299905;TRUE;0.819723464;1.955299905;6.428073928
641;1.724472787;TRUE;0.346871537;1.724472787;2.413412206
642;2.306617353;TRUE;0.894811298;2.306617353;8.616445214
643;1.534890101;TRUE;0.434422924;1.534890101;2.70040161
644;2.466485162;TRUE;0.472968271;2.466485162;3.83819493
645;2.593530282;FALSE;0.913422956;4.542083179;2.593530282
646;2.733061232;FALSE;0.805289864;3.026156355;2.733061232
647;1.880906913;TRUE;0.872746961;1.880906913;8.893440738
648;2.926244876;TRUE;0.110089304;2.926244876;4.559528543
649;1.875128629;FALSE;0.618598238;1.961606423;1.875128629
650;1.87115624;TRUE;0.79678649;1.87115624;2.28138219
651;2.119003882;TRUE;0.252219317;2.119003882;8.13055047
652;2.005616662;TRUE;0.921070918;2.005616662;5.339756711
653;1.687837373;TRUE;0.641963734;1.687837373;8.985078826
654;1.319089993;FALSE;0.738632101;3.630526389;1.319089993
655;1.713324064;TRUE;0.558001661;1.713324064;2.727436405
656;1.572812884;TRUE;0.183907369;1.572812884;9.418999729
657;2.647738641;TRUE;0.939574554;2.647738641;7.490910323
658;2.284538489;TRUE;0.868104881;2.284538489;3.269665804
659;1.699745647;TRUE;0.541141645;1.699745647;1.975217492
660;1.403422563;FALSE;0.370087529;1.641978658;1.403422563
661;1.741395425;FALSE;0.840275574;4.29359349;1.741395425
662;2.300735756;TRUE;0.699530205;2.300735756;2.718213313
663;1.946563795;TRUE;0.382593964;1.946563795;7.644879386
664;4.372747244;FALSE;0.445047667;5.042349826;4.372747244
665;3.886214145;TRUE;0.998485749;3.886214145;5.258969221
666;2.219097528;TRUE;0.362628368;2.219097528;9.100691877
667;1.625453713;TRUE;0.035687591;1.625453713;6.82191664
668;2.492733934;TRUE;0.788581054;2.492733934;8.878251856
669;1.831768072;TRUE;0.757881827;1.831768072;4.206177901
670;1.487312046;TRUE;0.341478604;1.487312046;5.278348345
671;1.327602308;TRUE;0.052566922;1.327602308;7.334110504
672;2.854287955;TRUE;0.713515671;2.854287955;5.757467607
673;2.791872291;TRUE;0.416993825;2.791872291;4.630328956
674;1.671105221;TRUE;0.126239675;1.671105221;9.418241104
675;3.949394699;TRUE;0.013013024;3.949394699;6.217677799
676;1.636813636;TRUE;0.488083709;1.636813636;2.051094756
677;3.123433237;TRUE;0.076960094;3.123433237;8.649290718
678;2.086151158;TRUE;0.598287481;2.086151158;7.370090828
679;1.048250761;TRUE;0.048163404;1.048250761;1.617135531
680;1.841492726;FALSE;0.026047424;3.135465766;1.841492726
681;1.915618277;TRUE;0.908296804;1.915618277;9.225354691
682;1.765013157;FALSE;0.042406267;2.40432737;1.765013157
683;2.250369926;TRUE;0.274508323;2.250369926;7.321685184
684;1.233980794;FALSE;0.430703163;2.921182407;1.233980794
685;1.8647445;TRUE;0.807313551;1.8647445;6.693575453
686;2.32021995;TRUE;0.062379352;2.32021995;4.837311847
687;1.98329699;TRUE;0.96929773;1.98329699;7.142467657
688;2.487905331;TRUE;0.729095693;2.487905331;7.904139595
689;1.825521056;TRUE;0.163680377;1.825521056;3.015149636
690;4.194892201;TRUE;0.891127446;4.194892201;6.404525049
691;2.131724689;TRUE;0.8370564;2.131724689;5.846369595
692;4.208050144;TRUE;0.092219805;4.208050144;8.882930339
693;1.244074579;FALSE;0.314781694;1.489294335;1.244074579
694;1.856661567;TRUE;0.615808688;1.856661567;6.515844248
695;1.970039399;TRUE;0.098720683;1.970039399;4.387059115
696;1.792104508;TRUE;0.410587395;1.792104508;2.435425963
697;2.571371754;TRUE;0.726945414;2.571371754;7.070518855
698;1.193841452;FALSE;0.242356276;1.552627176;1.193841452
699;1.27911867;TRUE;0.178349394;1.27911867;6.656648822
700;1.942428494;TRUE;0.788020012;1.942428494;1.965039961
701;2.544859091;TRUE;0.771237421;2.544859091;3.231063317
702;1.678578689;FALSE;0.082510675;1.692774169;1.678578689
703;3.109778074;TRUE;0.263931311;3.109778074;7.075555052
704;3.270577516;TRUE;0.3251852;3.270577516;6.523869446
705;1.486029347;FALSE;0.495311146;1.917213919;1.486029347
706;1.68445476;TRUE;0.112509383;1.68445476;9.74049576
707;2.722486559;TRUE;0.993614931;2.722486559;6.161822179
708;1.487063795;TRUE;0.308791489;1.487063795;2.577362522
709;2.502087257;TRUE;0.047939866;2.502087257;6.469196471
710;2.421423066;TRUE;0.625173103;2.421423066;9.513720409
711;2.598082414;TRUE;0.322728299;2.598082414;8.614678338
712;2.35511831;TRUE;0.710036364;2.35511831;9.526441546
713;2.415508752;TRUE;0.263448342;2.415508752;3.317620273
714;1.351653002;FALSE;0.431406501;2.596667388;1.351653002
715;1.980713433;FALSE;0.49107724;5.147873935;1.980713433
716;2.195121553;TRUE;0.046707186;2.195121553;8.911562212
717;2.671062143;FALSE;0.169516798;4.215068366;2.671062143
718;3.024296565;TRUE;0.156850928;3.024296565;9.699498093
719;4.055074136;TRUE;0.701980026;4.055074136;4.995678033
720;2.393239707;TRUE;0.82169019;2.393239707;4.808899366
721;3.246022765;TRUE;0.649702276;3.246022765;5.42039373
722;2.088871705;TRUE;0.273886581;2.088871705;5.809697716
723;1.808112635;TRUE;0.307400993;1.808112635;9.372447936
724;2.191258217;FALSE;0.896637437;2.371208004;2.191258217
725;3.453455528;TRUE;0.443663537;3.453455528;5.935314215
726;2.535154781;TRUE;0.765675705;2.535154781;9.849432391
727;1.444811428;TRUE;0.335025857;1.444811428;3.732184155
728;1.362431402;TRUE;0.232172586;1.362431402;3.046358301
729;2.632713503;TRUE;0.689735765;2.632713503;5.23951496
730;2.009558326;TRUE;0.486149412;2.009558326;9.081888234
731;1.580473491;TRUE;0.536336266;1.580473491;7.780949538
732;2.068719553;TRUE;0.365570322;2.068719553;8.593728287
733;1.83382304;TRUE;0.770289268;1.83382304;5.657776166
734;1.434826917;TRUE;0.022274833;1.434826917;4.149204481
735;2.446634589;TRUE;0.13979957;2.446634589;8.000405753
736;1.355866845;TRUE;0.239561304;1.355866845;3.103818695
737;3.227444793;TRUE;0.409752195;3.227444793;7.689054407
738;2.046754219;TRUE;0.864688047;2.046754219;4.059410338
739;3.131852712;TRUE;0.333928335;3.131852712;6.148437734
740;2.068305589;FALSE;0.410944168;2.177718105;2.068305589
741;1.766171586;TRUE;0.235852519;1.766171586;5.121369313
742;4.048886217;TRUE;0.71819192;4.048886217;7.327835839
743;2.30519603;FALSE;0.696993527;3.195899635;2.30519603
744;1.870695138;TRUE;0.013923158;1.870695138;4.891107631
745;1.747839295;TRUE;0.444685086;1.747839295;5.886612046
746;1.7350189;FALSE;0.505648459;3.929251359;1.7350189
747;2.319266349;TRUE;0.125176806;2.319266349;2.733731699
748;1.347568799;TRUE;0.256050566;1.347568799;1.44474273
749;1.921120717;TRUE;0.691126157;1.921120717;2.111920556
750;2.169114275;FALSE;0.972373488;2.416930889;2.169114275
751;1.503561727;TRUE;0.26796603;1.503561727;2.622491577
752;5.77100827;FALSE;0.497780539;6.152533586;5.77100827
753;1.275500364;FALSE;0.105986297;1.753368187;1.275500364
754;1.385122897;TRUE;0.349806774;1.385122897;2.490125276
755;3.513328739;FALSE;0.652891287;4.277371558;3.513328739
756;1.614269797;TRUE;0.561793828;1.614269797;1.84644302
757;1.465173346;TRUE;0.199764983;1.465173346;7.711915155
758;2.369595696;TRUE;0.107727526;2.369595696;7.828300626
759;1.29418062;FALSE;0.613082096;1.766544043;1.29418062
760;2.600639595;TRUE;0.472922771;2.600639595;8.892723515
761;2.090822311;TRUE;0.639680564;2.090822311;6.015136116
762;1.644093146;FALSE;0.403143118;2.370908397;1.644093146
763;2.43746137;FALSE;0.798050575;2.718071787;2.43746137
764;1.459917882;TRUE;0.185784428;1.459917882;8.158299642
765;1.144348677;FALSE;0.31997395;3.166978958;1.144348677
766;2.078538162;TRUE;0.318839257;2.078538162;8.826458626
767;1.700697231;TRUE;0.265185901;1.700697231;3.605894092
768;2.005041261;TRUE;0.913628069;2.005041261;3.161431285
769;3.375972313;TRUE;0.562523001;3.375972313;6.991575415
770;2.274502552;FALSE;0.374573433;2.383099246;2.274502552
771;1.805674009;TRUE;0.173475596;1.805674009;8.893151858
772;2.600054427;TRUE;0.109788981;2.600054427;2.652883232
773;1.412754427;FALSE;0.284176256;1.686409974;1.412754427
774;2.5074119;FALSE;0.908021072;3.466373439;2.5074119
775;2.072745693;TRUE;0.529746203;2.072745693;6.679312264
776;2.247512147;TRUE;0.601408154;2.247512147;7.423987892
777;2.606684771;TRUE;0.667433269;2.606684771;8.423070263
778;3.225058256;TRUE;0.346099401;3.225058256;9.335446792
779;4.373265369;TRUE;0.941533414;4.373265369;7.694364422
780;1.968064164;TRUE;0.010196426;1.968064164;2.773129016
781;1.583505752;TRUE;0.249817227;1.583505752;4.977107529
782;2.325815153;TRUE;0.994191732;2.325815153;6.516784471
783;1.388157659;TRUE;0.040613447;1.388157659;9.934251354
784;1.968192667;TRUE;0.329041819;1.968192667;9.837832224
785;2.648211088;FALSE;0.768255174;2.715000737;2.648211088
786;1.142892201;TRUE;0.047483664;1.142892201;4.150480661
787;1.572240126;TRUE;0.304236173;1.572240126;8.744710381
788;2.616384068;TRUE;0.283978714;2.616384068;8.247770017
789;2.775124508;TRUE;0.414432352;2.775124508;3.600619789
790;2.433414663;FALSE;0.857543756;2.729429691;2.433414663
791;3.084857773;TRUE;0.591333397;3.084857773;6.621633383
792;2.777920775;TRUE;0.114668155;2.777920775;5.796737343
793;2.168363878;TRUE;0.961452879;2.168363878;2.242860813
794;2.33744419;TRUE;0.408406767;2.33744419;9.197240268
795;2.457064644;TRUE;0.801739336;2.457064644;9.798818771
796;2.609437928;TRUE;0.65661211;2.609437928;9.33426009
797;1.604931718;TRUE;0.214375434;1.604931718;9.569941949
798;1.578751816;TRUE;0.561504469;1.578751816;7.052795151
799;2.452329295;TRUE;0.508513571;2.452329295;8.08577797
800;2.404574263;TRUE;0.734042272;2.404574263;6.595946526
801;3.182313251;FALSE;0.613270128;3.187032492;3.182313251
802;1.881923706;FALSE;0.458242178;2.355402984;1.881923706
803;1.886897904;TRUE;0.124608023;1.886897904;8.467089412
804;2.135593821;TRUE;0.509220009;2.135593821;9.53950738
805;1.345811222;TRUE;0.23880261;1.345811222;1.370473553
806;3.878723725;TRUE;0.246638351;3.878723725;5.768303145
807;2.028300369;TRUE;0.800258116;2.028300369;6.366018948
808;1.727554807;TRUE;0.215962975;1.727554807;7.223832262
809;1.992934727;TRUE;0.534250583;1.992934727;5.414514506
810;3.955188699;TRUE;0.152728667;3.955188699;6.340564156
811;1.753172699;TRUE;0.606259356;1.753172699;9.636231653
812;2.174414172;TRUE;0.743126641;2.174414172;2.631274141
813;1.60406732;FALSE;0.123756248;3.996852746;1.60406732
814;3.898686062;FALSE;0.512185692;4.63965883;3.898686062
815;1.441441457;FALSE;0.758747236;2.004513999;1.441441457
816;1.613987849;TRUE;0.555345542;1.613987849;8.130562093
817;1.974850587;TRUE;0.666452263;1.974850587;9.273935546
818;1.731315996;TRUE;0.42045777;1.731315996;4.729880791
819;1.744799737;TRUE;0.47728972;1.744799737;5.152638114
820;1.748715292;FALSE;0.12818933;2.447562084;1.748715292
821;1.48450905;TRUE;0.475329707;1.48450905;2.807345359
822;4.013636239;TRUE;0.385443075;4.013636239;6.603598663
823;1.955315745;TRUE;0.397411035;1.955315745;3.64607255
824;1.414079551;TRUE;0.081136499;1.414079551;4.471286499
825;2.363486583;TRUE;0.809362174;2.363486583;4.376091919
826;2.310905506;TRUE;0.965896233;2.310905506;2.793851178
827;1.679066859;TRUE;0.574738786;1.679066859;5.348252546
828;1.957188852;TRUE;0.846631994;1.957188852;6.752888851
829;2.426415574;TRUE;0.361929258;2.426415574;7.205424516
830;2.134729544;TRUE;0.951192727;2.134729544;3.351294426
831;1.253054841;FALSE;0.992869221;2.222307247;1.253054841
832;3.983328387;TRUE;0.517995515;3.983328387;8.98701939
833;2.890955561;TRUE;0.767280498;2.890955561;4.342456731
834;1.766712177;FALSE;0.801486036;4.445344776;1.766712177
835;1.623599115;TRUE;0.287402236;1.623599115;4.29888145
836;3.785495135;TRUE;0.524579951;3.785495135;8.46204095
837;2.009181748;TRUE;0.91244667;2.009181748;8.571815953
838;2.031846526;TRUE;0.516138623;2.031846526;2.660884683
839;1.566221205;TRUE;0.164478339;1.566221205;6.496441294
840;1.611527761;TRUE;0.58133509;1.611527761;5.153678021
841;2.340142774;FALSE;0.509016325;5.510909746;2.340142774
842;2.386858085;TRUE;0.611462932;2.386858085;4.307281204
843;1.557704622;TRUE;0.354472795;1.557704622;7.88076903
844;1.141394945;FALSE;0.051227241;1.393862001;1.141394945
845;1.995307202;TRUE;0.090548437;1.995307202;9.12512949
846;1.358526462;FALSE;0.088638955;2.924472458;1.358526462
847;2.715456408;TRUE;0.969789125;2.715456408;9.155771085
848;2.323768171;TRUE;0.864730119;2.323768171;7.456485461
849;2.237639286;TRUE;0.423248324;2.237639286;5.406343831
850;3.232489905;TRUE;0.220619492;3.232489905;9.648855055
851;2.27992326;TRUE;0.802615848;2.27992326;8.919084882
852;1.434960095;TRUE;0.36799481;1.434960095;9.635316366
853;1.195168598;FALSE;0.072942515;1.950816885;1.195168598
854;1.896484265;TRUE;0.35707003;1.896484265;7.414532185
855;2.296371705;TRUE;0.526809587;2.296371705;5.125377824
856;3.924129775;TRUE;0.474218611;3.924129775;9.264792126
857;1.11569916;FALSE;0.179109039;3.329483472;1.11569916
858;2.508083787;TRUE;0.868154716;2.508083787;7.264157494
859;2.09134467;FALSE;0.972569239;2.164206766;2.09134467
860;1.580777006;TRUE;0.236225621;1.580777006;2.274900485
861;3.652027897;TRUE;0.283871127;3.652027897;9.120282564
862;2.015177447;TRUE;0.767121893;2.015177447;5.690785033
863;1.158691779;FALSE;0.293399948;5.14730742;1.158691779
864;2.555451143;FALSE;0.715335415;3.267653029;2.555451143
865;1.999716433;FALSE;0.922465537;2.588171081;1.999716433
866;1.265709998;FALSE;0.896989808;2.019035649;1.265709998
867;2.994629287;TRUE;0.683790319;2.994629287;5.481705285
868;5.194056588;TRUE;0.551349362;5.194056588;6.615341518
869;2.121683446;FALSE;0.242228281;4.4720436;2.121683446
870;1.728839811;TRUE;0.14472901;1.728839811;6.958604736
871;1.99753705;FALSE;0.191493098;3.540089468;1.99753705
872;1.510297561;TRUE;0.151790673;1.510297561;6.448212067
873;1.990191755;TRUE;0.402515028;1.990191755;4.854939972
874;1.664862441;TRUE;0.228151037;1.664862441;8.855215919
875;1.460469533;TRUE;0.239560029;1.460469533;3.636035512
876;1.358644963;TRUE;0.322584789;1.358644963;7.919368859
877;2.339209746;TRUE;0.532577112;2.339209746;2.823602902
878;4.893640115;TRUE;0.766055009;4.893640115;6.111332555
879;2.172332739;TRUE;0.958969294;2.172332739;3.677498723
880;1.377441681;TRUE;0.17188916;1.377441681;6.845931346
881;1.232992761;TRUE;0.201633547;1.232992761;1.907920296
882;1.867389551;TRUE;0.402537589;1.867389551;3.400711191
883;2.808131706;TRUE;0.328029039;2.808131706;2.957426971
884;2.260675135;TRUE;0.350096761;2.260675135;8.785011202
885;2.614901422;FALSE;0.905916457;3.716172983;2.614901422
886;1.945883159;TRUE;0.658588233;1.945883159;9.073124489
887;1.276520224;TRUE;0.224022552;1.276520224;7.199233177
888;2.586468992;TRUE;0.400074641;2.586468992;3.276630928
889;3.233746119;FALSE;0.782105701;3.711251907;3.233746119
890;2.777151634;TRUE;0.841118171;2.777151634;5.759636624
891;1.70546299;TRUE;0.005841904;1.70546299;8.841463739
892;3.712070937;TRUE;0.12197312;3.712070937;7.374529668
893;2.104652957;TRUE;0.017273555;2.104652957;3.904782409
894;3.54971142;TRUE;0.730494543;3.54971142;8.25853755
895;1.091305431;FALSE;0.842801304;2.675131645;1.091305431
896;4.317789484;TRUE;0.090101954;4.317789484;5.552419117
897;1.867568651;TRUE;0.864962657;1.867568651;9.291015647
898;2.495778959;TRUE;0.705981745;2.495778959;7.226101631
899;1.22370536;TRUE;0.041024386;1.22370536;9.118872944
900;2.195884035;FALSE;0.498133735;2.567971369;2.195884035
901;2.22750199;FALSE;0.812224296;3.817923887;2.22750199
902;1.442504315;TRUE;0.24515766;1.442504315;6.928049614
903;1.759570872;TRUE;0.563300197;1.759570872;3.612025498
904;2.46048786;FALSE;0.123229189;3.440526753;2.46048786
905;1.912382647;TRUE;0.084624749;1.912382647;8.323056517
906;3.256378695;TRUE;0.815816355;3.256378695;6.480834622
907;1.299587595;TRUE;0.276317511;1.299587595;8.310264567
908;2.234666496;TRUE;0.58627417;2.234666496;9.148137512
909;1.926886991;TRUE;0.300197825;1.926886991;8.381715833
910;2.451086753;TRUE;0.060843022;2.451086753;9.021700317
911;2.463136079;TRUE;0.892132784;2.463136079;5.566046071
912;1.795007108;TRUE;0.687374973;1.795007108;5.748471939
913;1.816696405;TRUE;0.594047467;1.816696405;4.869384523
914;1.688059426;FALSE;0.484877846;1.976930063;1.688059426
915;2.318364108;TRUE;0.322205468;2.318364108;2.704163802
916;1.934754063;TRUE;0.481830153;1.934754063;5.187612206
917;2.476617575;FALSE;0.930016474;3.196193502;2.476617575
918;2.160424625;TRUE;0.756999709;2.160424625;8.640054437
919;1.823029229;TRUE;0.677068743;1.823029229;5.223844267
920;2.332142998;TRUE;0.184402769;2.332142998;5.383423472
921;1.904600277;TRUE;0.769713934;1.904600277;7.412662147
922;2.075588558;TRUE;0.662877342;2.075588558;7.250903526
923;1.560241524;TRUE;0.076232427;1.560241524;6.260615596
924;1.704649427;TRUE;0.512780325;1.704649427;4.315883887
925;1.866867193;TRUE;0.516957032;1.866867193;7.408903798
926;1.810913803;TRUE;0.004810733;1.810913803;7.063531181
927;1.898226954;TRUE;0.779957066;1.898226954;2.649643025
928;1.985904462;TRUE;0.493795364;1.985904462;6.242866048
929;2.665157027;FALSE;0.801052989;3.455526504;2.665157027
930;1.670044898;TRUE;0.076594864;1.670044898;2.108638435
931;2.668352444;TRUE;0.534606299;2.668352444;3.562631609
932;1.711560329;TRUE;0.447528917;1.711560329;5.768693192
933;3.673295421;TRUE;0.692600029;3.673295421;5.224881632
934;2.014315158;TRUE;0.049526605;2.014315158;4.020897771
935;1.798997208;FALSE;0.641121441;2.136156293;1.798997208
936;2.049948785;TRUE;0.291665733;2.049948785;8.568530354
937;3.248115557;TRUE;0.262295485;3.248115557;7.171233511
938;3.507077929;TRUE;0.063202667;3.507077929;6.645899844
939;3.283163507;TRUE;0.688839826;3.283163507;5.821911807
940;3.930766115;TRUE;0.67998257;3.930766115;5.16943751
941;4.579180071;TRUE;0.301179858;4.579180071;7.164469059
942;1.924578155;FALSE;0.383341815;2.194084007;1.924578155
943;1.761502079;FALSE;0.471244487;3.373229443;1.761502079
944;2.870811464;TRUE;0.105342444;2.870811464;7.292559363
945;1.98249702;TRUE;0.053552069;1.98249702;8.270679963
946;4.562397281;TRUE;0.771077508;4.562397281;7.91426011
947;2.274948786;TRUE;0.156882731;2.274948786;6.559454383
948;2.399212279;TRUE;0.904831678;2.399212279;4.817167378
949;1.54882195;TRUE;0.311119995;1.54882195;8.78841885
950;2.911037044;TRUE;0.342556981;2.911037044;5.709162622
951;2.04841192;TRUE;0.49483783;2.04841192;7.953424431
952;2.231361364;TRUE;0.157594589;2.231361364;9.044466546
953;1.473977353;TRUE;0.378223216;1.473977353;7.355280927
954;1.359955059;FALSE;0.808357732;5.262376369;1.359955059
955;4.043134598;TRUE;0.554211766;4.043134598;8.821284601
956;3.443369713;TRUE;0.344308635;3.443369713;6.620259481
957;2.795857241;TRUE;0.984597984;2.795857241;6.962783732
958;3.914960923;TRUE;0.84078982;3.914960923;4.754391068
959;1.625855107;TRUE;0.293661236;1.625855107;6.006668711
960;2.399810848;TRUE;0.972651558;2.399810848;9.22203192
961;2.648806809;TRUE;0.529027454;2.648806809;8.572067529
962;1.971193776;FALSE;0.615420969;4.240617472;1.971193776
963;3.055009122;TRUE;0.317444965;3.055009122;5.505169302
964;1.669916332;TRUE;0.142009299;1.669916332;6.631993453
965;2.850857366;TRUE;0.728735722;2.850857366;9.497627859
966;1.550821029;TRUE;0.476753444;1.550821029;3.970028363
967;2.569686186;TRUE;0.608471011;2.569686186;2.779939712
968;2.622229438;TRUE;0.751700426;2.622229438;9.79987649
969;1.398798014;TRUE;0.278426993;1.398798014;8.434612043
970;2.780669336;TRUE;0.052006871;2.780669336;9.86949465
971;2.135284187;TRUE;0.013663128;2.135284187;7.55361705
972;2.457429342;TRUE;0.928203672;2.457429342;9.104404308
973;2.282404567;TRUE;0.732904796;2.282404567;3.574207539
974;1.318263159;TRUE;0.018643667;1.318263159;8.329755958
975;1.876520916;TRUE;0.595543881;1.876520916;9.329696708
976;1.743609626;TRUE;0.490677732;1.743609626;8.726302873
977;1.723390629;TRUE;0.64834768;1.723390629;8.510732033
978;1.720539282;TRUE;0.60785968;1.720539282;8.498912923
979;1.833421724;TRUE;0.003070431;1.833421724;6.115227617
980;1.525749555;TRUE;0.461898215;1.525749555;8.051041367
981;1.951653125;FALSE;0.098821068;2.973894327;1.951653125
982;1.430342759;FALSE;0.998485903;4.386836958;1.430342759
983;3.05121537;TRUE;0.537859708;3.05121537;8.013400006
984;1.31079537;TRUE;0.261328337;1.31079537;5.908983497
985;2.084578736;TRUE;0.826092127;2.084578736;6.846422615
986;4.712809776;TRUE;0.698292106;4.712809776;4.884230317
987;2.640797731;TRUE;0.410451898;2.640797731;7.404361043
988;1.244618711;FALSE;0.165374934;2.782783497;1.244618711
989;1.456132628;TRUE;0.282882024;1.456132628;4.517288537
990;1.61304682;FALSE;0.217105374;2.627115296;1.61304682
991;1.020157163;FALSE;0.387628597;2.370893171;1.020157163
992;1.448305429;FALSE;0.983828647;3.22765664;1.448305429
993;4.265746084;TRUE;0.905674922;4.265746084;8.452615757
994;2.066379397;TRUE;0.653610316;2.066379397;7.432178166
995;2.792489182;TRUE;0.446202744;2.792489182;5.190538224
996;1.166017188;TRUE;0.016436221;1.166017188;7.886004321
997;1.871943016;TRUE;0.312604917;1.871943016;6.691266868
998;1.655087134;TRUE;0.568898652;1.655087134;7.236249771
999;1.73480033;TRUE;0.209915156;1.73480033;8.119385395
1000;1.907261918;TRUE;0.266531879;1.907261918;7.543964633
